bed,row,col,Unique.ID,height.cm,overhd.diam,overhd.perp,herbv.scale,survey.notes,survey.date
C,1,A,buffer,,,,,,8/28/25
C,1,B,buffer,,,,,,8/28/25
C,2,A,buffer,,,,,,8/28/25
C,2,B,buffer,,,,,,8/28/25
C,3,A,buffer,,,,,,8/28/25
C,3,B,buffer,,,,,,8/28/25
C,4,A,2566,,,,,,8/28/25
C,4,B,2595,,,,,,8/28/25
C,5,A,2642,,,,,,8/28/25
C,5,B,buffer,,,,,,8/28/25
C,6,A,2509,,,,,,8/28/25
C,6,B,2549,3.7,4.5,1.9,1,,8/28/25
C,7,A,2452,,,,,,8/28/25
C,7,B,2095,2.6,3.4,1.7,2,,8/28/25
C,8,A,2291,6.2,3.5,3.4,0,,8/28/25
C,8,B,2252,6.7,5.7,4.1,1,,8/28/25
C,9,A,NA,,,,,,8/28/25
C,9,B,2634,14.7,3.3,1.8,1,,8/28/25
C,10,A,2466,,,,,,8/28/25
C,10,B,2302,NA,NA,NA,NA,Dead,8/28/25
C,11,A,2338,,,,,,8/28/25
C,11,B,2605,,,,,dead at planting,8/28/25
C,12,A,2326,4.6,4,2.6,1,,8/28/25
C,12,B,1819,4.3,6.6,2.3,0,,8/28/25
C,13,A,2520,,,,,,8/28/25
C,13,B,2591,6.2,2.7,2.3,1,,8/28/25
C,14,A,2150,,,,,,8/28/25
C,14,B,1915,,,,,,8/28/25
C,15,A,2472,5.5,2.5,1.8,1,,8/28/25
C,15,B,1981,3.5,2.2,1.7,1,,8/28/25
C,16,A,2023,,,,,,8/28/25
C,16,B,1908,,,,,,8/28/25
C,17,A,1787,,,,,,8/28/25
C,17,B,2274,,,,,,8/28/25
C,18,A,2090,,,,,,8/28/25
C,18,B,1883,4.4,4,3.5,1,,8/28/25
C,19,A,2063,5.7,4.9,3.9,1,,8/28/25
C,19,B,2236,8.6,4.5,3.2,1,,8/28/25
C,20,A,2592,NA,NA,NA,NA,Dead,8/28/25
C,20,B,2213,7.2,4.2,4,1,,8/28/25
C,21,A,2370,5.5,2.9,2.7,1,,8/28/25
C,21,B,698,NA,NA,NA,NA,Dead,8/28/25
C,22,A,2638,9.5,2.7,1.5,0,,8/28/25
C,22,B,buffer,,,,,,8/28/25
C,23,A,2489,6.2,2.7,1.4,1,,8/28/25
C,23,B,2564,4.3,2.9,2,1,,8/28/25
C,24,A,buffer,,,,,,8/28/25
C,24,B,118,17.5,32,21.4,0,Mostly dead; some green leaves,8/28/25
C,25,A,2505,7.3,3.2,2.5,1,,8/28/25
C,25,B,1459,28.9,21.8,14.3,0,Dry but green fruit,8/28/25
C,26,A,2602,5.5,2.5,1.5,3,,8/28/25
C,26,B,2284,11.1,4.5,2.6,2,,8/28/25
C,27,A,2323,3.1,3,2.4,1,,8/28/25
C,27,B,buffer,,,,,,8/28/25
C,28,A,2478,4.3,1.7,1,1,,8/28/25
C,28,B,2557,28.3,7.7,0.4,0,,8/28/25
C,29,A,1780,NA,NA,NA,NA,Dead,8/28/25
C,29,B,2454,,,,,,8/28/25
C,30,A,NA,,,,,,8/28/25
C,30,B,341,32.9,35.2,32.4,0,,8/28/25
C,31,A,1228,30.3,15.6,12.5,0,Dry; green fruit,8/28/25
C,31,B,2442,5.8,2.8,2.8,1,,8/28/25
C,32,A,939,,,,,,8/28/25
C,32,B,1700,4,3.9,3.7,1,,8/28/25
C,33,A,2523,6.6,5.5,3.2,1,,8/28/25
C,33,B,183,12.7,10.2,10.1,0,,8/28/25
C,34,A,1745,11.1,3.9,2.9,2,,8/28/25
C,34,B,2467,,,,,,8/28/25
C,35,A,2396,,,,,,8/28/25
C,35,B,2427,,,,,,8/28/25
C,36,A,1905,,,,,,8/28/25
C,36,B,buffer,,,,,,8/28/25
C,37,A,2381,,,,,,8/28/25
C,37,B,1289,17.7,8.8,6.3,0,,8/28/25
C,38,A,2009,4.6,5.5,4,1,,8/28/25
C,38,B,2230,5.9,3.5,3.5,2,,8/28/25
C,39,A,2487,5.2,3.1,2.7,1,,8/28/25
C,39,B,1866,4.5,5.3,4.6,0,,8/28/25
C,40,A,2069,6.3,4.9,2.9,0,,8/28/25
C,40,B,2621,,,,,,8/28/25
C,41,A,2493,2.9,1.5,1.3,0,,8/28/25
C,41,B,2574,4.3,2.5,1.7,1,,8/28/25
C,42,A,1747,13.6,3.9,3.4,0,,8/28/25
C,42,B,buffer,,,,,,8/28/25
C,43,A,73,NA,NA,NA,NA,Dead,8/28/25
C,43,B,2522,3.9,2.1,1.1,2,,8/28/25
C,44,A,2558,3.6,3.5,1.5,0,,8/28/25
C,44,B,2169,6.1,3.4,2.3,1,,8/28/25
C,45,A,2165,21.5,5.3,3.7,1,,8/28/25
C,45,B,2328,8.6,6,4.2,1,,8/28/25
C,46,A,2408,3.2,1.7,1.4,0,,8/28/25
C,46,B,2392,26.2,3.5,2.2,1,,8/28/25
C,47,A,2154,6.9,2.9,3.4,1,,8/28/25
C,47,B,1933,,,,,,8/28/25
C,48,A,1893,,,,,,8/28/25
C,48,B,2411,,,,,,8/28/25
C,49,A,buffer,,,,,,8/28/25
C,49,B,2551,,,,,,8/28/25
C,50,A,1620,3.2,3.4,2.5,0,,8/28/25
C,50,B,404,51,18.2,13.5,0,,8/28/25
C,51,A,2579,8.2,4,2.3,0,,8/28/25
C,51,B,2361,5.5,5.7,3,0,,8/28/25
C,52,A,buffer,,,,,,8/28/25
C,52,B,buffer,,,,,,8/28/25
C,53,A,1990,,,,,,8/28/25
C,53,B,2286,8.5,3.6,1.9,1,,8/28/25
C,54,A,1795,13.5,4.3,3.2,0,,8/28/25
C,54,B,buffer,,,,,,8/28/25
C,55,A,2488,,,,,,8/28/25
C,55,B,2020,2.2,2.2,2,2,,8/28/25
C,56,A,1936,3.7,1.7,1.3,0,,8/28/25
C,56,B,2173,7.1,3.7,15,1,,8/28/25
C,57,A,2608,NA,NA,NA,NA,Dead,8/28/25
C,57,B,2398,3,2.9,2.5,1,,8/28/25
C,58,A,395,,,,,,8/28/25
C,58,B,1916,,,,,,8/28/25
C,59,A,buffer,,,,,,8/28/25
C,59,B,buffer,,,,,,8/28/25
C,60,A,buffer,,,,,,8/28/25
C,60,B,buffer,,,,,,8/28/25
C,1,C,buffer,,,,,,8/28/25
C,1,D,buffer,,,,,,8/28/25
C,2,C,buffer,,,,,,8/28/25
C,2,D,buffer,,,,,,8/28/25
C,3,C,buffer,,,,,,8/28/25
C,3,D,buffer,,,,,,8/28/25
C,4,C,2127,,,,,,8/28/25
C,4,D,NA,,,,,,8/28/25
C,5,C,2228,7.6,3.1,2.8,1,,8/28/25
C,5,D,NA,,,,,rock here,8/28/25
C,6,C,2476,4.5,2.2,1.4,0,,8/28/25
C,6,D,2314,,,,,,8/28/25
C,7,C,2051,5.5,4.9,2,1,,8/28/25
C,7,D,2419,3.6,2.3,1.3,0,,8/28/25
C,8,C,1826,5.3,3.2,7.4,0,,8/28/25
C,8,D,1699,,,,,,8/28/25
C,9,C,2200,NA,NA,NA,NA,dead,8/28/25
C,9,D,NA,,,,,rock here,8/28/25
C,10,C,2006,,,,,,8/28/25
C,10,D,NA,,,,,rock here,8/28/25
C,11,C,2563,,,,,,8/28/25
C,11,D,2170,11.6,4.1,2.2,1,,8/28/25
C,12,C,1621,8.8,2.7,2.7,1,,8/28/25
C,12,D,2258,6,2.8,1.7,1,,8/28/25
C,13,C,2619,,,,,,8/28/25
C,13,D,2041,3.9,3,1.7,1,,8/28/25
C,14,C,1950,,,,,dead at planting,8/28/25
C,14,D,1873,5,3,2.9,2,,8/28/25
C,15,C,1738,,,,,,8/28/25
C,15,D,2555,,,,,,8/28/25
C,16,C,2359,,,,,,8/28/25
C,16,D,2115,4.1,1.9,1.5,1,,8/28/25
C,17,C,1608,,,,,,8/28/25
C,17,D,2217,2.9,4.4,1.4,1,,8/28/25
C,18,C,2402,6,2,1,2,,8/28/25
C,18,D,1931,,,,,,8/28/25
C,19,C,1861,5.9,6.4,5.3,0,,8/28/25
C,19,D,2391,,,,,,8/28/25
C,20,C,2360,6.3,4.2,3.7,1,,8/28/25
C,20,D,2254,8.1,3.2,2.4,1,,8/28/25
C,21,C,2303,7.1,4.7,3.8,1,,8/28/25
C,21,D,2550,3.5,2.5,1.9,1,,8/28/25
C,22,C,2499,6.4,5.1,3,1,,8/28/25
C,22,D,2606,7.5,6,4,0,,8/28/25
C,23,C,2405,6.5,4.8,2.1,0,,8/28/25
C,23,D,737,28.5,25.7,7.6,0,,8/28/25
C,24,C,2070,7.9,5.8,2.2,1,,8/28/25
C,24,D,1911,,,,,,8/28/25
C,25,C,1820,7.1,5.7,2.4,1,,8/28/25
C,25,D,1828,4,2.4,1.6,1,,8/28/25
C,26,C,NA,,,,,,8/28/25
C,26,D,NA,,,,,,8/28/25
C,27,C,NA,,,,,,8/28/25
C,27,D,NA,,,,,,8/28/25
C,28,C,1932,5.5,2.4,1.9,1,,8/28/25
C,28,D,buffer,,,,,,8/28/25
C,29,C,711,29.4,18.1,11.9,0,dry w/ green Fruit,8/28/25
C,29,D,2269,,,,,,8/28/25
C,30,C,2620,3.6,2.1,1,0,,8/28/25
C,30,D,2646,25,6.5,2.6,0,,8/28/25
C,31,C,2420,3.4,2.7,1.9,1,,8/28/25
C,31,D,2096,6.9,8.4,5.9,1,,8/28/25
C,32,C,2580,NA,NA,NA,NA,dead,8/28/25
C,32,D,2430,5,2.8,1.5,1,,8/28/25
C,33,C,2339,6.3,3.6,2.5,1,,8/28/25
C,33,D,2410,2.4,1.5,1.2,1,,8/28/25
C,34,C,2471,7.1,2.2,1.9,1,,8/28/25
C,34,D,2201,6.4,5.7,3.4,1,,8/28/25
C,35,C,2218,7.8,1.7,1,1,,8/28/25
C,35,D,2153,,,,,,8/28/25
C,36,C,buffer,,,,,,8/28/25
C,36,D,buffer,,,,,,8/28/25
C,37,C,2260,13.5,3.8,3.1,1,,8/28/25
C,37,D,714,,,,,,8/28/25
C,38,C,1982,4,2.1,1.5,1,,8/28/25
C,38,D,539,10.8,5.6,1,1,,8/28/25
C,39,C,2220,10.7,5.7,3.1,1,,8/28/25
C,39,D,1821,6.4,6,3.6,1,,8/28/25
C,40,C,1992,6.1,2.9,1.7,1,,8/28/25
C,40,D,2204,4.9,3.7,2.6,1,,8/28/25
C,41,C,2607,4.1,1.4,0.8,2,,8/28/25
C,41,D,2554,6.4,3.3,1.4,1,,8/28/25
C,42,C,2446,,,,,,8/28/25
C,42,D,2043,4.4,2.1,1.6,1,,8/28/25
C,43,C,1156,28.1,27.1,25.8,0,,8/28/25
C,43,D,1048,33.9,17.7,3.1,0,"dry, green fruit",8/28/25
C,44,C,1252,NA,NA,NA,NA,dead,8/28/25
C,44,D,1085,27.4,0.9,0.9,0,,8/28/25
C,45,C,NA,,,,,,8/28/25
C,45,D,394,27.1,3.1,1.2,0,,8/28/25
C,46,C,NA,,,,,,8/28/25
C,46,D,1766,25.9,6.7,3.4,1,,8/28/25
C,47,C,2255,6.2,3.9,2.8,1,,8/28/25
C,47,D,1399,,,,,,8/28/25
C,48,C,89,NA,NA,NA,NA,dead,8/28/25
C,48,D,1919,5,3.3,2,1,,8/28/25
C,49,C,2643,27.4,19.5,7.8,1,,8/28/25
C,49,D,2480,NA,NA,NA,NA,dead,8/28/25
C,50,C,1794,17.8,3.1,2,0,,8/28/25
C,50,D,2097,4.1,3,2.4,0,,8/28/25
C,51,C,2397,3,2,0.8,0,,8/28/25
C,51,D,1831,7.9,5.4,4.6,1,,8/28/25
C,52,C,2516,7.9,3.7,2.3,1,,8/28/25
C,52,D,1701,,,,,dead pre-planting,8/28/25
C,53,C,2311,5.4,2.9,2.6,1,,8/28/25
C,53,D,2640,11.5,2.8,2.7,1,,8/28/25
C,54,C,buffer,,,,,,8/28/25
C,54,D,buffer,,,,,,8/28/25
C,55,C,2423,,,,,,8/28/25
C,55,D,2519,6.1,4.2,3.2,1,,8/28/25
C,56,C,2450,,,,,,8/28/25
C,56,D,2559,6,2,1.8,0,,8/28/25
C,57,C,1798,,,,,,8/28/25
C,57,D,1835,5.7,2.7,1.9,1,,8/28/25
C,58,C,2031,11,3.7,2.6,1,,8/28/25
C,58,D,2457,5,2.6,1.3,0,,8/28/25
C,59,C,buffer,,,,,,8/28/25
C,59,D,buffer,,,,,,8/28/25
C,60,C,buffer,,,,,,8/28/25
C,60,D,buffer,,,,,,8/28/25
D,1,A,buffer,,,,,,8/28/25
D,1,B,buffer,,,,,,8/28/25
D,2,A,buffer,,,,,,8/28/25
D,2,B,buffer,,,,,,8/28/25
D,3,A,buffer,,,,,,8/28/25
D,3,B,buffer,,,,,,8/28/25
D,4,A,1993,5.9,4.1,3.3,1,,8/28/25
D,4,B,1704,,,,,,8/28/25
D,5,A,2483,2.5,1.4,1.3,0,,8/28/25
D,5,B,2239,,,,,,8/28/25
D,6,A,NA,,,,,,8/28/25
D,6,B,NA,,,,,,8/28/25
D,7,A,NA,,,,,,8/28/25
D,7,B,NA,,,,,,8/28/25
D,8,A,2075,,,,,,8/28/25
D,8,B,NA,,,,,,8/28/25
D,9,A,2155,4,2.3,1.4,1,,8/28/25
D,9,B,2320,10.9,10.1,3.7,0,,8/28/25
D,10,A,2278,9.2,1.1,0.9,1,,8/28/25
D,10,B,436,,,,,,8/28/25
D,11,A,2362,,,,,,8/28/25
D,11,B,1822,5.2,3.4,3.2,1,,8/28/25
D,12,A,NA,,,,,,8/28/25
D,12,B,304,15.4,19.1,6,0,,8/28/25
D,13,A,2470,,,,,,8/28/25
D,13,B,2209,6.1,2.3,2,1,,8/28/25
D,14,A,2417,2.9,3,0.8,1,,8/28/25
D,14,B,2205,5.5,6.5,2.9,1,,8/28/25
D,15,A,1790,,,,,,8/28/25
D,15,B,1107,25.6,21.5,15.6,0,,8/28/25
D,16,A,1995,6.3,2.7,2.7,0,,8/28/25
D,16,B,1961,1.9,2.1,1.3,1,,8/28/25
D,17,A,2240,6.7,2.5,1.9,0,,8/28/25
D,17,B,403,,,,,,8/28/25
D,18,A,2521,30,2.1,1.3,1,,8/28/25
D,18,B,2610,3.9,1.4,1.2,0,,8/28/25
D,19,A,2393,,,,,,8/28/25
D,19,B,141,,,,,,8/28/25
D,20,A,2532,7.8,3.9,3.3,1,,8/28/25
D,20,B,buffer,,,,,,8/28/25
D,21,A,2363,,,,,,8/28/25
D,21,B,2609,,,,,,8/28/25
D,22,A,2206,5,3.4,2.3,1,,8/28/25
D,22,B,2593,6.1,3.4,1.9,0,,8/28/25
D,23,A,1894,3.2,1.6,1.8,0,,8/28/25
D,23,B,2413,5.9,4,2.8,1,,8/28/25
D,24,A,2597,4.6,2.5,2,0,,8/28/25
D,24,B,2440,5.5,2,1.7,1,,8/28/25
D,25,A,2504,,,,,,8/28/25
D,25,B,2222,9.5,4.7,3,0,,8/28/25
D,26,A,2577,4.4,1.9,1.8,1,,8/28/25
D,26,B,1803,4,2.2,1.8,0,,8/28/25
D,27,A,1939,,,,,,8/28/25
D,27,B,2444,,,,,,8/28/25
D,28,A,1864,3.3,2,1.5,0,,8/28/25
D,28,B,2403,4.2,3,1.3,0,,8/28/25
D,29,A,2312,4.5,3.1,2.1,0,,8/28/25
D,29,B,1942,4.3,2.2,1.5,2,,8/28/25
D,30,A,103,,,,,,8/28/25
D,30,B,1760,27.8,9.7,2.9,0,,8/28/25
D,31,A,1967,4.3,4,2,0,,8/28/25
D,31,B,2569,6.2,3.5,2.5,1,,8/28/25
D,32,A,1968,7.2,5,3.3,1,,8/28/25
D,32,B,2633,8.2,2.5,1.5,0,,8/28/25
D,33,A,1280,,,,,,8/28/25
D,33,B,246,37.5,35.1,31.2,0,,8/28/25
D,34,A,2406,NA,NA,NA,NA,Dead,8/28/25
D,34,B,2224,7.5,4.6,3.1,1,,8/28/25
D,35,A,buffer,,,,,,8/28/25
D,35,B,190,23,22.1,22.4,0,Dry but green fruit,8/28/25
D,36,A,2130,,,,,,8/28/25
D,36,B,2507,7.3,3.2,2.2,1,,8/28/25
D,37,A,1675,,,,,dead at planting,8/28/25
D,37,B,2364,,,,,dead pre-planting,8/28/25
D,38,A,1774,14.6,3,3,1,,8/28/25
D,38,B,2418,4,3.7,1.5,0,,8/28/25
D,39,A,2515,8.9,5.1,4.7,0,,8/28/25
D,39,B,1838,5.8,4.1,1.7,0,,8/28/25
D,40,A,2261,12.6,3.5,3.4,0,,8/28/25
D,40,B,2414,NA,NA,NA,NA,Dead,8/28/25
D,41,A,2455,6.8,2,1,1,,8/28/25
D,41,B,1940,8.4,3,2.4,0,,8/28/25
D,42,A,2324,4.2,3,2.1,1,,8/28/25
D,42,B,1985,4.3,3.1,1.9,0,,8/28/25
D,43,A,895,,,,,,8/28/25
D,43,B,1804,6.2,5,4.1,1,,8/28/25
D,44,A,2207,4.5,3.5,2,0,,8/28/25
D,44,B,2596,3.2,1.9,1.3,0,,8/28/25
D,45,A,2241,9.8,2.4,1.9,0,,8/28/25
D,45,B,398,49.1,14.2,8.5,0,,8/28/25
D,46,A,2583,3.9,4.2,2.4,0,,8/28/25
D,46,B,2238,,,,,,8/28/25
D,47,A,buffer,,,,,,8/28/25
D,47,B,1403,32.2,26.5,3.8,0,,8/28/25
D,48,A,2490,6.8,2.3,1.7,0,,8/28/25
D,48,B,1702,2.8,2.8,2.7,0,,8/28/25
D,49,A,2525,7.2,3.8,2.4,0,,8/28/25
D,49,B,1707,15.3,3.2,2.5,1,,8/28/25
D,50,A,buffer,,,,,,8/28/25
D,50,B,2625,3.4,1.6,0.8,0,,8/28/25
D,51,A,buffer,,,,,,8/28/25
D,51,B,1988,NA,NA,NA,NA,Dead,8/28/25
D,52,A,522,23.1,10.1,1.9,1,DRY w/green fruit,8/28/25
D,52,B,2463,7.5,7.6,2,0,,8/28/25
D,53,A,2395,,,,,,8/28/25
D,53,B,2212,15.6,6.8,3.7,1,,8/28/25
D,54,A,1876,6.7,9,8.1,0,,8/28/25
D,54,B,1849,5.9,4.5,2.4,0,,8/28/25
D,55,A,2573,10.2,4.5,1.8,1,,8/28/25
D,55,B,2425,6.8,3.2,1.9,0,,8/28/25
D,56,A,2544,9.3,6.9,4.7,1,,8/28/25
D,56,B,2492,8.5,2.9,2,0,,8/28/25
D,57,A,buffer,,,,,,8/28/25
D,57,B,1327,26,32.5,18.6,0,,8/28/25
D,58,A,buffer,,,,,,8/28/25
D,58,B,2131,9.9,5.4,3.4,1,,8/28/25
D,1,C,buffer,,,,,,8/28/25
D,1,D,buffer,,,,,,8/28/25
D,2,C,buffer,,,,,,8/28/25
D,2,D,buffer,,,,,,8/28/25
D,3,C,buffer,,,,,,8/28/25
D,3,D,buffer,,,,,,8/28/25
D,4,C,1901,12.9,3.1,1.6,1,,8/28/25
D,4,D,2221,,,,,,8/28/25
D,5,C,2292,5,6.9,2.3,1,,8/28/25
D,5,D,2121,3.9,2.8,1.7,1,,8/28/25
D,6,C,NA,,,,,,8/28/25
D,6,D,NA,,,,,,8/28/25
D,7,C,1751,6.9,2.7,1.4,1,,8/28/25
D,7,D,NA,,,,,,8/28/25
D,8,C,2538,5.4,5,2.3,1,,8/28/25
D,8,D,1856,,,,,,8/28/25
D,9,c,2622,3.5,1.6,0.7,0,,8/28/25
D,9,D,1768,12.1,3.1,2.9,0,,8/28/25
D,10,C,2412,2.1,0.6,0.4,2,,8/28/25
D,10,D,buffer,,,,,,8/28/25
D,11,C,1614,,,,,,8/28/25
D,11,D,buffer,,,,,,8/28/25
D,12,C,2257,9.6,6.6,4.2,1,,8/28/25
D,12,D,2578,,,,,,8/28/25
D,13,C,144,NA,NA,NA,NA,dead,8/28/25
D,13,D,2576,5,4.5,2.4,0,,8/28/25
D,14,C,1976,,,,,,8/28/25
D,14,D,buffer,,,,,,8/28/25
D,15,C,2376,2.4,1.5,1.1,1,,8/28/25
D,15,D,1667,2.5,0.9,0.6,1,,8/28/25
D,16,C,2343,6.9,2.7,2,1,,8/28/25
D,16,D,2539,2.7,1,1,0,,8/28/25
D,17,C,2644,,,,,,8/28/25
D,17,D,1791,12.2,3,1.9,0,,8/28/25
D,18,C,2510,5.2,2.2,0.9,1,,8/28/25
D,18,D,2054,3.7,1.2,0.7,1,,8/28/25
D,19,C,1767,10.6,2.6,1.9,0,,8/28/25
D,19,D,1644,7.1,2.2,1.8,1,,8/28/25
D,20,C,buffer,,,,,,8/28/25
D,20,D,2399,2.8,1.4,1.1,1,,8/28/25
D,21,C,buffer,,,,,,8/28/25
D,21,D,1977,6.7,3.8,1.9,1,,8/28/25
D,22,C,53,NA,NA,NA,NA,dead,8/28/25
D,22,D,buffer,,,,,,8/28/25
D,23,C,buffer,,,,,,8/28/25
D,23,D,815,NA,NA,NA,NA,dead,8/28/25
D,24,C,2265,,,,,,8/28/25
D,24,D,2461,4.4,1.9,1.2,1,,8/28/25
D,25,C,2047,4.9,2.3,1.8,1,,8/28/25
D,25,D,2623,,,,,,8/28/25
D,26,C,1753,,,,,,8/28/25
D,26,D,1600,10.1,2.8,1.1,1,,8/28/25
D,27,C,1837,5.6,3.7,1.8,1,,8/28/25
D,27,D,2283,19.6,8.6,3.7,1,,8/28/25
D,28,C,2501,,,,,,8/28/25
D,28,D,2129,4.3,1.4,0.6,0,,8/28/25
D,29,C,1971,4.9,3.9,1.4,1,,8/28/25
D,29,D,2617,6.6,2.1,1.1,1,,8/28/25
D,30,C,1834,,,,,,8/28/25
D,30,D,2451,6.3,3.7,2.8,1,,8/28/25
D,31,C,2540,7.7,3.6,2,1,,8/28/25
D,31,D,2647,,,,,,8/28/25
D,32,C,2431,,,,,,8/28/25
D,32,D,2526,3.5,0.3,0.2,0,dead,8/28/25
D,33,C,2422,6.8,2.8,1.9,1,,8/28/25
D,33,D,2601,,,,,,8/28/25
D,34,C,1648,7.3,1.4,1,0,,8/28/25
D,34,D,2345,9.2,3.6,2.3,1,,8/28/25
D,35,C,204,,,,,,8/28/25
D,35,D,2479,5.5,5.3,1.7,1,,8/28/25
D,36,C,NA,,,,,,8/28/25
D,36,D,2468,26.8,3.9,3.3,1,,8/28/25
D,37,C,2050,3.4,4.7,4.9,1,,8/28/25
D,37,D,1882,,,,,dead pre-planting,8/28/25
D,38,C,1997,,,,,,8/28/25
D,38,D,2055,3.2,4,2.9,1,,8/28/25
D,39,C,1862,3.8,4.3,2.4,0,,8/28/25
D,39,D,1430,NA,NA,NA,NA,dead,8/28/25
D,40,C,2340,30.3,11.5,5.1,1,,8/28/25
D,40,D,1404,NA,NA,NA,NA,dead,8/28/25
D,41,C,1913,8,6,4.7,0,,8/28/25
D,41,D,2484,8.5,2.8,2.3,0,,8/28/25
D,42,C,491,,,,,,8/28/25
D,42,D,76,27.4,16.8,10.1,0,"dry, green fruit",8/28/25
D,43,C,363,22.7,5,2.1,0,,8/28/25
D,43,D,2046,4.4,2.9,2.1,1,,8/28/25
D,44,C,385,NA,NA,NA,NA,dead,8/28/25
D,44,D,2531,6.5,2.4,1.6,1,,8/28/25
D,45,C,2624,,,,,,8/28/25
D,45,D,2543,5.6,2,2,1,,8/28/25
D,46,C,2277,11.6,3.2,2.1,0,,8/28/25
D,46,D,1972,6.3,1.6,1.3,1,,8/28/25
D,47,C,1682,,,,,,8/28/25
D,47,D,2065,6.5,3.1,1.1,1,,8/28/25
D,48,C,1615,3,1,1,0,,8/28/25
D,48,D,2369,4.7,4.4,2,1,,8/28/25
D,49,C,2192,,,,,,8/28/25
D,49,D,2387,3.7,2.2,2.1,0,,8/28/25
D,50,C,2103,5.1,3.8,2.7,1,,8/28/25
D,50,D,2542,9.4,3.3,1.7,0,,8/28/25
D,51,C,2445,4.4,2.3,2,1,,8/28/25
D,51,D,1839,2.4,2.5,2,0,,8/28/25
D,52,C,2242,11.1,2.4,2.1,1,,8/28/25
D,52,D,1806,5.6,4.1,3,0,,8/28/25
D,53,C,2429,4.4,1.5,1,1,,8/28/25
D,53,D,2346,9.2,3.8,3.2,1,,8/28/25
D,54,C,2567,6.2,3.3,1.7,1,,8/28/25
D,54,D,936,,,,,,8/28/25
D,55,C,2235,11.7,3,2.1,1,,8/28/25
D,55,D,1796,39.6,6.8,5.5,0,,8/28/25
D,56,C,2166,10.4,5.8,2,1,,8/28/25
D,56,D,2485,9.8,7.7,3.5,0,,8/28/25
D,57,C,1970,5.9,3.1,1.6,0,,8/28/25
D,57,D,buffer,,,,,,8/28/25
D,58,C,buffer,,,,,,8/28/25
D,58,D,buffer,,,,,,8/28/25
D,59,C,buffer,,,,,,8/28/25
D,59,D,buffer,,,,,,8/28/25
E,1,B,buffer,,,,,only 2 buffers,8/28/25
E,2,A,buffer,,,,,only 2 buffers,8/28/25
E,2,B,buffer,,,,,,8/28/25
E,3,A,buffer,,,,,,8/28/25
E,3,B,buffer,,,,,,8/28/25
E,4,A,2225,6.2,6.1,3.2,1,,8/28/25
E,4,B,1998,5.6,3.6,2.4,1,,8/28/25
E,5,A,2475,,,,,,8/28/25
E,5,B,2641,14.6,4.8,2.9,0,,8/28/25
E,6,A,NA,,,,,,8/28/25
E,6,B,2061,5.5,2.8,1,2,,8/28/25
E,7,A,2266,12.3,5.5,3.1,1,,8/28/25
E,7,B,2534,8.1,2.8,1.6,1,,8/28/25
E,8,A,2282,6.5,2.8,1.6,0,,8/28/25
E,8,B,2028,6.5,2,1.6,1,,8/28/25
E,9,A,buffer,,,,,,8/28/25
E,12,B,NA,,,,,rock here,8/28/25
E,13,B,NA,,,,,,8/28/25
E,1,C,buffer,,,,,only 2 buffers,8/28/25
E,1,D,buffer,,,,,only 2 buffers,8/28/25
E,2,C,buffer,,,,,,8/28/25
E,2,D,buffer,,,,,,8/28/25
E,3,C,buffer,,,,,,8/28/25
E,3,D,buffer,,,,,,8/28/25
E,5,C,NA,,,,,rock here,8/28/25
E,5,D,2432,3.4,1.7,1.1,1,,8/28/25
E,6,D,NA,,,,,unplantable,8/28/25
E,7,D,1406,29.7,32.1,22.5,0,,8/28/25
E,8,C,2541,7.2,4.5,3.4,1,,8/28/25
E,9,C,2636,,,,,stem broken pre-planting,8/28/25
E,12,C,NA,,,,,rock here,8/28/25
E,13,C,NA,,,,,rock here,8/28/25
E,15,D,NA,,,,,,8/28/25